[{"@type":"mappingTemplate","id":"@1","name":"Mapping_RESTV2","description":"","autoExpireObject":false,"bundleVersion":"0","assetFrsGuid":"2p5dR4T1bJylHVkhV5imEn","templateId":"@3","hasParameters":false,"valid":true,"fixedConnection":true,"hasParametersDeployed":false,"fixedConnectionDeployed":false,"isSchemaValidationEnabled":false,"tasks":0,"mappingPreviewFileRecordId":"@2","documentType":"MAPPING","allowMaxFieldLength":false,"specialCharacterSupport":false,"references":[{"@type":"reference","refObjectId":"@5tRKadHnj0SetKgciNp0uh","refType":"connection"},{"@type":"reference","refObjectId":"@60C9pixzZHIcZ21e1ebKwB","refType":"connection"}]}]